No.,週,文法ポイント,日本語,模範英訳,別解,使用文法,つまずいた点,先生コメント,習得度(○△×)
1,第1週,現在完了(継続),英語の勉強を始めて2年になりますが、なかなか上達しません。,I've been studying English for two years, but I'm not really improving.,It's been two years since I started studying English, but I haven't made much progress.,have been -ing / since,,,
2,第1週,現在完了(経験),ニューヨークには前にも行ったことがあるので、街の雰囲気は知っています。,I've been to New York before, so I know what the city is like.,Since I've visited New York before, I'm familiar with the city's atmosphere.,have been to / what S is like,,,
3,第1週,助動詞+受動態,この単語、いつも発音を間違えてしまうんです。,I always end up mispronouncing this word.,I keep getting the pronunciation of this word wrong.,end up -ing,,,
4,第1週,使役動詞,夫に空港まで送ってもらう予定です。,I'm going to have my husband drive me to the airport.,My husband is going to give me a ride to the airport.,have O 原形,,,
5,第1週,関係代名詞,昨日紹介してくれた友達、すごく感じが良かったです。,The friend you introduced me to yesterday was really nice.,The friend who(m) you introduced to me yesterday seemed really nice.,目的格関係代名詞,,,
6,第1週,間接疑問,彼が何時に来るか分からないので、先に始めましょう。,I don't know what time he'll arrive, so let's get started without him.,Since I have no idea when he's coming, let's start first.,間接疑問,,,
7,第1週,仮定法現在,もし時間があれば、もっとたくさん本を読みたいです。,If I had more time, I would read a lot more books.,I wish I had more time to read.,仮定法過去,,,
8,第1週,動名詞,毎朝走ることは、頭をすっきりさせてくれます。,Running every morning clears my head.,Going for a run every morning helps me feel refreshed.,動名詞主語,,,
9,第1週,接続詞,疲れていたけれど、宿題を終わらせるまで寝ませんでした。,Even though I was tired, I didn't go to bed until I finished my homework.,Tired as I was, I stayed up until my homework was done.,even though / until,,,
10,第1週,前置詞,このプレゼント、母の誕生日のために用意したんです。,I prepared this gift for my mother's birthday.,I got this present for my mom's birthday.,for + 目的,,,
11,第2週,丁寧表現,アイスコーヒーをラージで、氷少なめにしてもらえますか?,Could I have a large iced coffee with less ice?,Can I get a large iced coffee, light on the ice?,Could I have / with + 名詞,,,
12,第2週,提案,メニューにないんですが、卵抜きで作ってもらうことはできますか?,It's not on the menu, but would it be possible to make it without eggs?,Could you make this dish without eggs even though it's not on the menu?,Would it be possible to,,,
13,第2週,過去進行形,さっき頼んだスープ、待っている間に冷めてしまったみたいです。,The soup I ordered earlier seems to have gotten cold while I was waiting.,My soup got cold while I was waiting for it.,過去進行形 / seems to have PP,,,
14,第2週,使役+原形,娘にも同じものを取り分けてもらえますか?,Could you bring my daughter the same thing, please?,Can we get the same dish for my daughter, too?,二重目的語,,,
15,第2週,比較,このワインの方が、さっきのよりずっと飲みやすいです。,This wine is much easier to drink than the one I had before.,I find this wine way smoother than the previous one.,比較級 + much,,,
16,第2週,受動態,この席、誰か取っていますか?他に空きはありますか?,Is this seat taken? Are there any other seats available?,Has anyone reserved this seat? Are there other ones open?,受動態(状態),,,
17,第2週,助動詞,このお店、予約しないと入れないみたいですよ。,Apparently you can't get in this place without a reservation.,Looks like this restaurant doesn't take walk-ins.,can't get in / without,,,
18,第2週,丁寧依頼,温かいうちに食べたいので、できれば早めにお願いします。,I'd like to eat it while it's hot, so if you could bring it out soon, that would be great.,Could you serve it as soon as possible? I'd like to have it while it's still warm.,if you could / would be great,,,
19,第2週,後悔,もう少し辛さを控えめにすればよかったです。,I should have asked them to make it a bit less spicy.,I wish I'd asked for it less spicy.,should have PP,,,
20,第2週,提示,おすすめ2つの違いを教えていただけますか?,Could you tell me the difference between the two you recommended?,Which of the two recommendations would you say is better, and why?,間接疑問 / between,,,
21,第3週,道案内,この道をまっすぐ行って、2つ目の信号を右に曲がるとあります。,Go straight down this street and turn right at the second light—you'll see it.,Head straight and take a right at the second traffic light.,命令形 + and,,,
22,第3週,所要時間,歩いて10分くらいですが、地下鉄なら3分で着きますよ。,It's about a 10-minute walk, but only 3 minutes by subway.,Walking takes around 10 minutes, but the subway gets you there in 3.,It takes / by + 交通手段,,,
23,第3週,助言,この時間帯はラッシュなので、地下鉄は避けた方がいいですよ。,It's rush hour right now, so I'd avoid the subway if I were you.,Since the subway gets crowded at this time, you might want to take a cab.,I'd + 原形 / if I were you,,,
24,第3週,間接話法,駅員さんが、次の電車は10分遅れていると言っていました。,The station attendant told me that the next train is running 10 minutes late.,The staff said the next train would be delayed by 10 minutes.,間接話法 / be running late,,,
25,第3週,完了形,空港に着いた頃には、もう日が暮れているでしょう。,By the time we get to the airport, the sun will have already set.,The sun will probably be down by the time we arrive at the airport.,未来完了 / by the time,,,
26,第3週,関係副詞,昔よく友達と行ったカフェが、今もそのまま残っているんです。,The café where I used to hang out with friends is still around.,That café my friends and I used to go to is still in business.,関係副詞 where,,,
27,第3週,使役,タクシーを呼んでもらえますか?今すぐ向かわなければいけないので。,Could you call me a cab? I need to head out right away.,Would you mind getting me a taxi? I have to leave immediately.,call O O / right away,,,
28,第3週,受動態,このカード、駅で買えますが、券売機でチャージできますよ。,You can buy this card at the station, and refill it at the ticket machine.,These cards are sold at stations, and you can top them up at the machines.,can + 受動態,,,
29,第3週,仮定法過去,もし道に迷ったら、Wi-Fiがある場所まで戻った方がいいです。,If you get lost, you should head back to a place with Wi-Fi.,Should you get lost, going back to where there's Wi-Fi would be smart.,仮定法 / should you,,,
30,第3週,分詞構文,信号待ちをしていたら、いきなり知らない人に声をかけられました。,While waiting at the light, I was suddenly approached by a stranger.,A stranger came up to me out of nowhere while I was waiting at the crosswalk.,分詞構文 / 受動態,,,
31,第4週,丁寧依頼,これと同じものをサイズ違いで見せていただけますか?,Could you show me the same one in a different size?,Do you have this in another size? I'd love to take a look.,Could you show me O,,,
32,第4週,比較,このコート、写真で見たより色が明るいですね。,This coat is brighter in color than it looked in the picture.,The color is lighter than I thought it would be from the photo.,比較級 / than it looked,,,
33,第4週,完了形,昨日試着したワンピース、まだ取り置きしてもらえますか?,Could you still hold the dress I tried on yesterday?,Is the dress I tried on yesterday still on hold for me?,関係詞 / on hold,,,
34,第4週,助言,このお店、オンラインの方が安いって聞いたんですが本当ですか?,I heard this store's prices are actually cheaper online—is that true?,Is it true that the same items go for less on your website?,I heard that / 比較級,,,
35,第4週,仮定法,もう少し安ければ、迷わず買うんですけど…,If it were just a bit cheaper, I'd buy it without hesitation.,I'd grab it right away if the price were a little lower.,仮定法過去,,,
36,第4週,受動態,このバッグ、限定生産で再入荷の予定はないそうです。,Apparently this bag was a limited edition and won't be restocked.,I was told this bag is a limited release and there are no plans to bring it back.,was told that,,,
37,第4週,間接疑問,これって日本でも買えるものなのか分かりますか?,Do you know if this is something I can also buy in Japan?,Any idea whether this is available in Japan as well?,if/whether 節,,,
38,第4週,完了形,このシューズ、1ヶ月探していてやっと見つけたんです。,I've been looking for these shoes for a month, and I finally found them.,After searching for these shoes for a month, I finally got my hands on a pair.,have been -ing / finally,,,
39,第4週,使役,このダウンに名前を入れてもらうことはできますか?,Can I get my name embroidered on this jacket?,Is it possible to have my name stitched onto this down jacket?,have O PP,,,
40,第4週,結果,結局、似たようなものを2つも買ってしまいました。,I ended up buying two pretty similar ones.,In the end, I bought two things that look almost the same.,end up -ing / In the end,,,
41,第5週,継続,3日前から鼻水と咳が止まらなくて、夜よく眠れません。,I've had a runny nose and cough for three days, and I can't sleep well at night.,My runny nose and cough have been going on for three days—I'm not sleeping much.,have had / have been -ing,,,
42,第5週,助動詞,この薬、空腹時に飲んでも大丈夫ですか?,Is it OK to take this medicine on an empty stomach?,Can I take this on an empty stomach, or should I eat first?,Is it OK to,,,
43,第5週,丁寧質問,アレルギーの可能性があるか、念のため検査してもらえますか?,Could you run a test, just in case, to check if I might have an allergy?,Would it be possible to do an allergy test, just to be safe?,if + 推量,,,
44,第5週,意志未来,この薬を飲み終わっても良くならなかったら、また来ます。,If I'm not better after finishing this medicine, I'll come back again.,Should the symptoms persist after this prescription, I'll return.,If 条件 / will,,,
45,第5週,推量,熱は下がったんですが、まだ少しふらつく感じがします。,My fever's gone down, but I still feel a bit lightheaded.,The fever is gone, but I'm still feeling kind of dizzy.,still + 進行形,,,
46,第5週,過去完了,先生に診てもらったときには、もう症状が落ち着いていました。,By the time the doctor saw me, my symptoms had already calmed down.,My symptoms had pretty much subsided when the doctor finally examined me.,過去完了,,,
47,第5週,間接話法,先生は、十分に休めば1週間で治ると言っていました。,The doctor told me I should recover in a week if I rest enough.,The doctor said I'd be back to normal in a week with enough rest.,間接話法 / 条件,,,
48,第5週,助言,鎮痛剤の飲み合わせ、薬剤師さんに確認した方がいいですよ。,You should check with the pharmacist about combining painkillers.,It'd be safer to ask the pharmacist about mixing painkillers.,should + check with,,,
49,第5週,受動態,この症状はストレスから来ていると思います。,I think these symptoms are caused by stress.,I have a feeling stress is what's causing this.,be caused by,,,
50,第5週,結果,何でもなくて良かったです、心配し過ぎていました。,I'm glad it turned out to be nothing—I was overthinking it.,Thank goodness it was nothing serious. I was worrying too much.,turn out to be,,,
51,第6週,意見,個人的には、その意見には半分賛成、半分反対です。,Personally, I half agree and half disagree with that.,For my part, I'm 50/50 on that opinion.,half agree / half disagree,,,
52,第6週,推測,彼はもう着いているはずですが、連絡が来ていません。,He should be there by now, but I haven't heard from him.,He must've arrived by now—strange that he hasn't called.,should + be / must have PP,,,
53,第6週,提案,もし時間あれば、今夜一緒にご飯どうですか?,If you have time, how about grabbing dinner together tonight?,Want to get dinner tonight if you're free?,How about -ing,,,
54,第6週,共感,その気持ち分かります、私も同じ立場ならそうしていたと思います。,I totally get that—I would've done the same if I'd been in your shoes.,I hear you. I probably would have reacted the same way in your position.,仮定法過去完了,,,
55,第6週,意見,この前話していた件、考えれば考えるほど難しいですね。,The more I think about what we discussed, the harder it gets.,The thing we talked about gets more complicated the more I think it through.,the 比較級, the 比較級,,,
56,第6週,丁寧断り,せっかく誘ってくれたのに、その日はどうしても外せない予定があって…,Thanks so much for the invite, but I have something I really can't get out of that day.,I appreciate the invitation, but I'm tied up that day.,can't get out of,,,
57,第6週,推薦,もし行くなら、午前中の方が空いていておすすめですよ。,If you're going, I'd recommend the morning—it's less crowded.,If you decide to go, mornings are your best bet since it's quieter.,If 主語 -ing,,,
58,第6週,比較,前回会ったときよりも、英語ずっと流暢になりましたね。,Your English has gotten way more fluent since the last time we met.,You sound way more natural in English compared to when we last met.,完了形 + 比較級,,,
59,第6週,意見,結局のところ、自分が納得できる選択をするのが一番だと思います。,At the end of the day, I think it's best to make a choice you feel good about.,Ultimately, going with what feels right to you is what matters most.,At the end of the day,,,
60,第6週,別れ,そろそろ行かなきゃ、本当に楽しかった、また連絡しますね。,I should get going, but I had a great time. I'll be in touch.,Time for me to head out—this was so much fun, talk soon!,I should get going / be in touch,,,
